Workbook

Sheet Read Me
B2: Judgment Content Analysis · Dataset template
B4: How to use this file
B5: 1. Fill the Team sheet.
B6: 2. In the Data sheet, enter one row per judgment starting at row 6. Row 5 is a made-up example showing the format; leave it as it is.
B7: 3. Pale yellow cells are yours to fill. Dropdown columns accept only the listed values (see the Vocabularies sheet). Do not add, delete or reorder columns.
B8: 4. When done, rename this file data.xlsx. Also save the Data sheet as data.csv (File > Save As > CSV). Upload both to your GitHub repository.
B9: 5. Read the Option 2 Guide for the column meanings, the charts, GitHub steps and the README.

Sheet Team
B2: Team information
B4: Topic | C4: Evolution of Legal Ethics in the Age of Artificial Intelligence: From Traditional Professional Duties to AI Accountability
B5: Court | C5: Supreme Court of India
B6: Team name
B7: GitHub repository link | C7: https://github.com/godbolesakshi94-coder/ai-analysis-of-judgments
B8: Member 1 · name and section | C8: Sakshi Godbole · PRN 23010422130 · Section: D · Contribution: selected and read cases 1 to 7, filled the Data rows for them, and made the charts from Chart counts.
B9: Member 2 · name and section | C9: Gargi Lakshya Das · PRN 23010422101 · Section: D · Contribution: selected and read cases 8 to 14, filled the Data rows for them, and checked all citations and dates.
B10: Member 3 · name and section (if any) | C10: Aditi Baranwal · PRN 23010422080 · Section: D · Contribution: selected and read cases 15 to 20, found official source links, and wrote the README and GitHub upload.
B11: Member 4 · name and section (if any)
B12: Date completed (DD-MM-YYYY) | C12: 29-10-2026

Sheet Data
A1: Data · one row per judgment
A2: Row 5 is a made-up example. Your judgments start at row 6. Enter 10 to 20 judgments decided between 01-09-2021 and 31-08-2026. See the Option 2 Guide, section 4.
A4: # | B4: Case name | C4: Citation or case number | D4: Date of decision (DD-MM-YYYY) | E4: Year | F4: Bench strength | G4: Type of case | H4: Who brought the case | I4: Outcome | J4: Who won | K4: Main provision | L4: Issue in one line | M4: Holding in one line | N4: Precedent chiefly relied on | O4: Source link (official copy)
A5: EX | B5: Example Petitioner v. State of Maharashtra (made-up) | C5: 2024 INSC 000 (made-up) | D5: 15-03-2024 | E5: 2024 | F5: 2 | G5: Criminal appeal | H5: Individual | I5: Allowed | J5: Individual | K5: s 438 CrPC | L5: Whether anticipatory bail can be limited to a fixed period. | M5: Bail granted; protection ordinarily lasts till the end of trial. | N5: Sushila Aggarwal v. State (NCT of Delhi) | O5: https://www.sci.gov.in/judgement... (made-up)
A6: 1 | B6: Manohar Lal Sharma v. Union of India (Pegasus case) | C6: 2021 SCC OnLine SC 985; W.P.(Crl.) No. 314 of 2021 | D6: 27-10-2021 | E6: =IF(D6="","",VALUE(RIGHT(D6,4))) | F6: 3 | G6: Writ petition | H6: Individual | I6: Allowed | J6: Individual | K6: Arts. 19(1)(a), 21; Telegraph Act 1885; IT Act 2000 | L6: Can alleged state spyware surveillance of citizens be probed despite a 'national security' plea? | M6: No blanket national-security shield; Court appointed an independent technical committee (Justice R.V. Raveendran) to investigate. | N6: Indian Express Newspapers (Bombay) Pvt. Ltd. v. Union of India | O6: https://future.indiankanoon.org/doc/39021018
A7: 2 | B7: Syed Altaf Ahmed v. S. Suson | C7: 2023 LiveLaw (SC) 767; Civil Appeal @ Diary No. 31972/2023 | D7: 25-08-2023 | E7: =IF(D7="","",VALUE(RIGHT(D7,4))) | F7: 2 | G7: Civil appeal | H7: Individual | I7: Dismissed | J7: Individual | K7: Advocates Act 1961 (s 35 misconduct; s 38 appeal); BCI Rules | L7: Is an advocate who sells a client's property under a general power of attorney, as a 'real estate agent', guilty of misconduct? | M7: Yes; BCI's five-year suspension upheld and appeal dismissed. | N7: Not identified (decided on the advocate's own admissions) | O7: https://www.livelaw.in/pdf_upload/767-syed-altaf-ahmed-v-s-suson-25-aug-2023-497011.pdf
A8: 3 | B8: Bar of Indian Lawyers v. D.K. Gandhi PS National Institute of Communicable Diseases | C8: 2024 INSC 410; Civil Appeal No. 2646 of 2009 | D8: 14-05-2024 | E8: =IF(D8="","",VALUE(RIGHT(D8,4))) | F8: 2 | G8: Civil appeal | H8: Association or NGO | I8: Allowed | J8: Association or NGO | K8: Consumer Protection Act 1986 s 2(o) / 2019 Act s 2(42) | L8: Are advocates' services 'service' under the Consumer Protection Act, so clients can sue for deficiency? | M8: No; advocacy is a contract of personal service, so complaints against advocates are not maintainable; NCDRC's contrary 2007 view overruled. | N8: Indian Medical Association v. V.P. Shantha (1995) 6 SCC 651 (reference for reconsideration suggested) | O8: https://ksandk.com/wp-content/uploads/277512007_2024-05-14.pdf
A9: 4 | B9: Gaurav Kumar v. Union of India | C9: 2024 INSC 558; W.P.(C) No. 352 of 2023 | D9: 30-07-2024 | E9: =IF(D9="","",VALUE(RIGHT(D9,4))) | F9: 2 | G9: Writ petition | H9: Individual | I9: Allowed | J9: Individual | K9: Advocates Act 1961 s 24(1)(f); Art. 14 | L9: Can State Bar Councils / BCI charge enrolment fees beyond the amount fixed in s 24(1)(f)? | M9: No; fees capped at Rs 750 (general) and Rs 125 (SC/ST); excess charges manifestly arbitrary; ruling prospective. | N9: Not identified (decided on the text of s 24(1)(f)) | O9: https://api.sci.gov.in/supremecourt/2023/8409/8409_2023_1_1501_54239_Judgement_30-Jul-2024.pdf
A10: 5 | B10: Ismailbhai Hatubhai Patel v. State of Gujarat | C10: Criminal Appeal No. 661 of 2025; 2025 LiveLaw (SC) 267 | D10: 27-02-2025 | E10: =IF(D10="","",VALUE(RIGHT(D10,4))) | F10: 2 | G10: Criminal appeal | H10: Individual | I10: Allowed | J10: Individual | K10: IPC ss 420, 465-471, 120B (discharge of advocate) | L10: Can an advocate be criminally charged merely for not verifying a client's power of attorney? | M10: No; absent reasonable doubt an advocate need not verify the PoA's genuineness; advocate discharged. | N10: Not identified (decided on charge-sheet facts) | O10: https://s3.courtbook.in/2025/03/Ismailbhai-Hatubhai-Patel-vs-The-State-of-Gujarat.pdf
A11: 6 | B11: Supreme Court Bar Association v. State of Uttar Pradesh | C11: 2025 INSC 364; M.A. Nos. 3-4 of 2025 in Crl. A. Nos. 3883-3884 of 2024 | D11: 19-03-2025 | E11: =IF(D11="","",VALUE(RIGHT(D11,4))) | F11: 2 | G11: Other | H11: Association or NGO | I11: Partly allowed | J11: Mixed or unclear | K11: Supreme Court Rules 2013 (Art. 145); Advocates Act 1961 | L11: Can appearances be marked for advocates who do not actually participate in the hearing? | M11: An advocate's right to appear carries a duty to be present and participate diligently; Rules bar marking of non-participating counsel; earlier directions modified. | N11: Supreme Court Bar Association v. B.D. Kaushik (2011) 13 SCC 774 | O11: https://orderlawstorage.blob.core.windows.net/judgements/supreme_court/2025/2025_3_821_840_EN.pdf
A12: 7 | B12: N. Eswaranathan v. State represented by the Deputy Superintendent of Police | C12: 2025 INSC 509; SLP (Crl.) Diary No. 55057 of 2024 | D12: 17-04-2025 | E12: =IF(D12="","",VALUE(RIGHT(D12,4))) | F12: 2 | G12: SLP | H12: Individual | I12: Other | J12: Mixed or unclear | K12: Advocates Act 1961 (misconduct); Supreme Court Rules 2013 (AoR) | L12: Should an AoR and advocate be punished for filing a second SLP with misleading statements after the first was dismissed? | M12: Split verdict (Trivedi J.: one-month AoR suspension and costs; Sharma J.: accept apology); referred to the CJI; a later bench ruled in favour of the AoR. | N12: Not identified | O12: https://api.sci.gov.in/supremecourt/2024/55057/55057_2024_9_1501_61000_Judgement_17-Apr-2025.pdf
A13: 8 | B13: Amar Jain v. Union of India (with Pragya Prasun v. Union of India) | C13: 2025 INSC 599; W.P.(C) No. 49 of 2025 and 289 of 2024 | D13: 30-04-2025 | E13: =IF(D13="","",VALUE(RIGHT(D13,4))) | F13: 2 | G13: Writ petition | H13: Individual | I13: Allowed | J13: Individual | K13: Arts. 14, 21; RPwD Act 2016; KYC / PMLA norms | L13: Does the right to life include digital access, so that 'liveness' e-KYC must be accessible to disabled persons? | M13: Yes; digital access is part of Art. 21 and the Court issued 20 directions to make e-KYC inclusive. | N13: Vikash Kumar v. UPSC (2021) 5 SCC 370 | O13: https://www.livelaw.in/amp/supreme-court/right-to-digital-access-part-of-article-21-supreme-court-directs-to-make-ekyc-process-accessible-to-persons-with-disabilities-290778
A14: 9 | B14: Jitender @ Kalla v. State (Govt. of NCT of Delhi) | C14: 2025 INSC 667; Criminal Appeal No. 865 of 2025 with W.P.(C) No. 454 of 2015 | D14: 13-05-2025 | E14: =IF(D14="","",VALUE(RIGHT(D14,4))) | F14: 3 | G14: Criminal appeal | H14: Individual | I14: Other | J14: Mixed or unclear | K14: Advocates Act 1961 s 16(2) | L14: Is the 100-point, interview-based system for designating Senior Advocates workable and fair? | M14: Point system and interviews scrapped; Full Court decides holistically on ability, standing at the Bar (integrity, ethics) and special knowledge. | N14: Indira Jaising v. Supreme Court of India (2017) 9 SCC 766 and (2023) 8 SCC 1 | O14: https://api.sci.gov.in/supremecourt/2024/12735/12735_2024_4_1501_61744_Judgement_13-May-2025.pdf
A15: 10 | B15: Bipin Bihari Sinha @ Bipin Prasad Singh v. Harish Jaiswal | C15: M.A. Diary No. 7144/2025 in Civil Appeal No. 14414 of 2024 | D15: 13-05-2025 | E15: =IF(D15="","",VALUE(RIGHT(D15,4))) | F15: 2 | G15: Other | H15: Individual | I15: Allowed | J15: Individual | K15: Court's inherent powers (recall); Advocates Act 1961 (misconduct) | L15: Was a consent order obtained through a forged settlement and unauthorised advocate appearances? | M15: Settlement-based order recalled; Bar Council of India directed to inquire into the advocates' role (follow-up order of Aug 2025 fixed the report timeline). | N15: Not identified | O15: https://api.sci.gov.in/supremecourt/2025/7144/7144_2025_11_11_61750_Order_13-May-2025.pdf
A16: 11 | B16: R. Karmegam v. Hariharasudan | C16: Civil Appeal No. 7096 of 2025 (Diary No. 28536/2025) | D16: 26-05-2025 | E16: =IF(D16="","",VALUE(RIGHT(D16,4))) | F16: 2 | G16: Civil appeal | H16: Individual | I16: Dismissed | J16: Individual | K16: Advocates Act 1961 (s 35 misconduct; BCI disciplinary order) | L16: Could BCI raise an advocate's one-year suspension to seven years after he practised during the suspension? | M16: Appeal dismissed; seven-year suspension upheld because lawyers must stay disciplined and not harm the profession's image. | N16: Not identified | O16: https://www.livelaw.in/top-stories/supreme-court-upholds-advocate-license-suspension-bar-council-of-india-293411
A17: 12 | B17: Orissa High Court v. Banshidhar Baug | C17: 2025 INSC 839; SLP (C) Nos. 11605-11606 of 2021 | D17: 14-07-2025 | E17: =IF(D17="","",VALUE(RIGHT(D17,4))) | F17: 2 | G17: SLP | H17: State or public body | I17: Allowed | J17: State or public body | K17: Advocates Act 1961 s 16(2); Orissa HC (Designation of Senior Advocate) Rules 2019 r 6(9) | L17: Can a High Court's Full Court designate Senior Advocates suo motu? | M17: Yes; HC order striking down r 6(9) set aside; the five designations stand; designation is a privilege, not an entitlement. | N17: Jitender @ Kalla v. State (NCT of Delhi), 2025 INSC 667 | O17: https://api.sci.gov.in/supremecourt/2021/16331/16331_2021_9_1504_62294_Judgement_14-Jul-2025.pdf
... A25: 20 | B25: Pooja Ramesh Singh v. Jammu and Kashmir Bank Ltd. | C25: 2026 INSC 668 (also 2026 SCC OnLine SC 1258) | D25: 02-07-2026 | E25: =IF(D25="","",VALUE(RIGHT(D25,4))) | F25: 2 | G25: Civil appeal | H25: Individual | I25: Allowed | J25: Individual | K25: Insolvency and Bankruptcy Code 2016 s 7; Advocates Act 1961 (misconduct) | L25: Is an NCLT/NCLAT order valid if it relies on AI-generated, non-existent precedents? | M25: No; such reliance vitiates the decision, so orders were set aside; citing unverified AI judgments is advocate misconduct; BCI to frame norms. | N25: None; the issue was reliance on non-existent precedents | O25: https://www.scconline.com/blog/post/2026/07/03/supreme-court-on-ai-hallucinated-judgments-and-fake-citations/

Sheet Chart counts
A1: Counts for your charts (these update automatically from the Data sheet)
A2: Select a table below, then Insert > Chart in Excel or Google Sheets. Save each chart as PNG.
A4: Year | B4: Judgments
A5: 2021 | B5: =COUNTIF(Data!$E$6:$E$25,A5)
A6: 2022 | B6: =COUNTIF(Data!$E$6:$E$25,A6)
A7: 2023 | B7: =COUNTIF(Data!$E$6:$E$25,A7)
A8: 2024 | B8: =COUNTIF(Data!$E$6:$E$25,A8)
A9: 2025 | B9: =COUNTIF(Data!$E$6:$E$25,A9)
A10: 2026 | B10: =COUNTIF(Data!$E$6:$E$25,A10)
A12: Outcome | B12: Judgments
A13: Allowed | B13: =COUNTIF(Data!$I$6:$I$25,A13)
A14: Dismissed | B14: =COUNTIF(Data!$I$6:$I$25,A14)
A15: Partly allowed | B15: =COUNTIF(Data!$I$6:$I$25,A15)
A16: Other | B16: =COUNTIF(Data!$I$6:$I$25,A16)
A18: Who brought the case | B18: Judgments
A19: Individual | B19: =COUNTIF(Data!$H$6:$H$25,A19)
A20: Company | B20: =COUNTIF(Data!$H$6:$H$25,A20)
A21: State or public body | B21: =COUNTIF(Data!$H$6:$H$25,A21)
A22: Association or NGO | B22: =COUNTIF(Data!$H$6:$H$25,A22)
A23: Other | B23: =COUNTIF(Data!$H$6:$H$25,A23)
A25: Who won | B25: Judgments
A26: Individual | B26: =COUNTIF(Data!$J$6:$J$25,A26)
A27: Company | B27: =COUNTIF(Data!$J$6:$J$25,A27)
A28: State or public body | B28: =COUNTIF(Data!$J$6:$J$25,A28)
A29: Association or NGO | B29: =COUNTIF(Data!$J$6:$J$25,A29)
A30: Mixed or unclear | B30: =COUNTIF(Data!$J$6:$J$25,A30)
A32: Type of case | B32: Judgments
A33: Writ petition | B33: =COUNTIF(Data!$G$6:$G$25,A33)
A34: Civil appeal | B34: =COUNTIF(Data!$G$6:$G$25,A34)
A35: Criminal appeal | B35: =COUNTIF(Data!$G$6:$G$25,A35)
A36: SLP | B36: =COUNTIF(Data!$G$6:$G$25,A36)
A37: Other | B37: =COUNTIF(Data!$G$6:$G$25,A37)

Sheet Vocabularies
A1: Lists used by the dropdowns (do not edit)
A2: Type of case | B2: Who brought the case | C2: Outcome | D2: Who won
A3: Writ petition | B3: Individual | C3: Allowed | D3: Individual
A4: Civil appeal | B4: Company | C4: Dismissed | D4: Company
A5: Criminal appeal | B5: State or public body | C5: Partly allowed | D5: State or public body
A6: SLP | B6: Association or NGO | C6: Other | D6: Association or NGO
A7: Other | B7: Other | D7: Mixed or unclear
